#Attributes,ExecutionTime(ms)
_AP50,6
_AP50,0
_AP50,0
_AP50,0
_AP50,0
_AP50,0
_AP50,0
_AP50,0
_AP50,0
_AP50,0
_AP50,0
_AP50,0
_AP50,0
_AP50,0
_AP50,0
_AP50,0
_AP50,0
_AP50,1
_AP50,2
_AP50,0
_AP50,0
_AP50,0
_AP50,0
_AP50,0
_AP50,1
_AP50,0
_AP50,0
_AP50,0
_AP50,0
_AP50,0
_AP50,0
_AP50,0
_AP50,0
_AP50,0
_AP50,0
_AP50,0
_AP50,0
_AP50,0
_AP50,0
_AP50,0
_AP50,0
_AP50,0
_AP50,0
_AP50,0
_AP50,0
_AP50,0
_AP50,0
_AP50,0
_AP50,0
_AP50,0
_AP50,0
_AP50,0
_AP50,0
_AP50,0
_AP50,0
_AP50,0
_AP50,0
_AP50,0
_AP50,1
_AP50,0
_AP50,0
_AP50,0
_AP50,0
_AP50,0
_AP50,0
_AP50,0
_AP50,0
_AP50,0
_AP50,0
_AP50,0
_AP50,0
_AP50,0
_AP50,0
_AP50,0
_AP50,0
_AP50,0
_AP50,0
_AP50,0
_AP50,0
_AP50,0
_AP50,0
_AP50,0
_AP50,0
_AP50,0
_AP50,0
_AP50,0
_AP50,0
_AP50,0
_AP50,0
_AP50,0
_AP50,0
_AP50,0
_AP50,0
_AP50,0
_AP50,0
_AP50,0
_AP50,1
_AP50,0
_AP50,0
_AP50,0
_AP100,0
_AP100,1
_AP100,0
_AP100,0
_AP100,0
_AP100,0
_AP100,1
_AP100,1
_AP100,0
_AP100,0
_AP100,0
_AP100,0
_AP100,0
_AP100,0
_AP100,0
_AP100,0
_AP100,0
_AP100,0
_AP100,0
_AP100,0
_AP100,0
_AP100,1
_AP100,0
_AP100,0
_AP100,0
_AP100,0
_AP100,0
_AP100,0
_AP100,0
_AP100,0
_AP100,0
_AP100,0
_AP100,0
_AP100,0
_AP100,0
_AP100,0
_AP100,0
_AP100,0
_AP100,0
_AP100,0
_AP100,0
_AP100,0
_AP100,0
_AP100,0
_AP100,0
_AP100,0
_AP100,0
_AP100,0
_AP100,0
_AP100,0
_AP100,0
_AP100,0
_AP100,0
_AP100,0
_AP100,2
_AP100,0
_AP100,0
_AP100,0
_AP100,0
_AP100,0
_AP100,0
_AP100,0
_AP100,0
_AP100,0
_AP100,0
_AP100,0
_AP100,0
_AP100,0
_AP100,0
_AP100,0
_AP100,1
_AP100,0
_AP100,0
_AP100,0
_AP100,0
_AP100,0
_AP100,0
_AP100,0
_AP100,0
_AP100,0
_AP100,0
_AP100,0
_AP100,0
_AP100,0
_AP100,0
_AP100,0
_AP100,0
_AP100,4
_AP100,0
_AP100,0
_AP100,0
_AP100,0
_AP100,0
_AP100,0
_AP100,0
_AP100,0
_AP100,0
_AP100,0
_AP100,0
_AP100,0
_AP200,0
_AP200,0
_AP200,0
_AP200,0
_AP200,0
_AP200,1
_AP200,0
_AP200,0
_AP200,0
_AP200,0
_AP200,0
_AP200,0
_AP200,1
_AP200,1
_AP200,1
_AP200,1
_AP200,0
_AP200,0
_AP200,0
_AP200,0
_AP200,0
_AP200,1
_AP200,0
_AP200,0
_AP200,1
_AP200,1
_AP200,1
_AP200,0
_AP200,1
_AP200,1
_AP200,0
_AP200,0
_AP200,0
_AP200,0
_AP200,0
_AP200,0
_AP200,0
_AP200,1
_AP200,0
_AP200,0
_AP200,1
_AP200,1
_AP200,1
_AP200,1
_AP200,1
_AP200,1
_AP200,0
_AP200,1
_AP200,0
_AP200,0
_AP200,0
_AP200,0
_AP200,0
_AP200,0
_AP200,0
_AP200,0
_AP200,0
_AP200,1
_AP200,1
_AP200,1
_AP200,1
_AP200,1
_AP200,1
_AP200,1
_AP200,1
_AP200,1
_AP200,0
_AP200,0
_AP200,0
_AP200,0
_AP200,1
_AP200,0
_AP200,0
_AP200,0
_AP200,0
_AP200,1
_AP200,0
_AP200,1
_AP200,0
_AP200,1
_AP200,0
_AP200,20
_AP200,7
_AP200,1
_AP200,1
_AP200,1
_AP200,1
_AP200,1
_AP200,1
_AP200,0
_AP200,1
_AP200,1
_AP200,1
_AP200,1
_AP200,1
_AP200,1
_AP200,0
_AP200,1
_AP200,0
_AP200,0
